Workbook

Sheet Data
A1: Priezvisko | B1: Meno | C1: Zmena | D1: C1 | E1: C2 | F1: Velitel | G1: Z1 | H1: Z2 | I1: Z8 | J1: Priorita_Z8 | K1: G | L1: GH | M1: SH | N1: M | O1: ZT | P1: Priorita_ZT | Q1: NB | R1: Priorita_NB | S1: X | T1: S1 | U1: S2 | V1: S3 | W1: TP | X1: W1 | Y1: W2 | Z1: IR | AA1: IP
A2: Peller | B2: František | C2: 1 | D2: Áno | E2: Nie | F2: Áno | G2: Nie | H2: Nie | I2: Nie | J2: Nie | K2: Nie | L2: Nie | M2: Nie | N2: Nie | O2: Nie | P2: Nie | Q2: Nie | R2: Nie | S2: Nie | T2: Áno | U2: Áno | V2: Áno | W2: Áno | X2: Nie | Y2: Nie | Z2: Nie | AA2: Nie
A3: Krajčír | B3: Alojz | C3: 1 | D3: Áno | E3: Áno | F3: Nie | G3: Áno | H3: Áno | I3: Nie | J3: Nie | K3: Áno | L3: Áno | M3: Áno | N3: Áno | O3: Áno | P3: Nie | Q3: Áno | R3: Nie | S3: Nie | T3: Áno | U3: Áno | V3: Áno | W3: Áno | X3: Áno | Y3: Áno | Z3: Nie | AA3: Nie
A4: Krajčovič | B4: Martin | C4: 1 | D4: Nie | E4: Áno | F4: Nie | G4: Áno | H4: Áno | I4: Nie | J4: Nie | K4: Áno | L4: Áno | M4: Áno | N4: Áno | O4: Nie | P4: Nie | Q4: Nie | R4: Nie | S4: Nie | T4: Áno | U4: Áno | V4: Áno | W4: Nie | X4: Áno | Y4: Áno | Z4: Nie | AA4: Nie
A5: Guniš | B5: Martin | C5: 1 | D5: Nie | E5: Áno | F5: Nie | G5: Áno | H5: Áno | I5: Nie | J5: Nie | K5: Áno | L5: Nie | M5: Áno | N5: Áno | O5: Nie | P5: Nie | Q5: Nie | R5: Nie | S5: Nie | T5: Nie | U5: Nie | V5: Nie | W5: Nie | X5: Áno | Y5: Áno | Z5: Nie | AA5: Nie
A6: Truchlý | B6: Miroslav | C6: 1 | D6: Nie | E6: Áno | F6: Nie | G6: Áno | H6: Áno | I6: Nie | J6: Nie | K6: Áno | L6: Nie | M6: Áno | N6: Áno | O6: Nie | P6: Nie | Q6: Nie | R6: Nie | S6: Nie | T6: Áno | U6: Áno | V6: Áno | W6: Áno | X6: Áno | Y6: Áno | Z6: Nie | AA6: Nie
A7: Toszer | B7: Arpád | C7: 1 | D7: Nie | E7: Áno | F7: Nie | G7: Áno | H7: Áno | I7: Nie | J7: Nie | K7: Áno | L7: Áno | M7: Áno | N7: Áno | O7: Nie | P7: Nie | Q7: Nie | R7: Nie | S7: Nie | T7: Áno | U7: Áno | V7: Áno | W7: Nie | X7: Áno | Y7: Áno | Z7: Nie | AA7: Nie
A8: Zacharčok | B8: Ľubomír | C8: 1 | D8: Áno | E8: Áno | F8: Nie | G8: Áno | H8: Áno | I8: Áno | J8: Nie | K8: Áno | L8: Áno | M8: Áno | N8: Áno | O8: Áno | P8: Nie | Q8: Áno | R8: Nie | S8: Nie | T8: Áno | U8: Áno | V8: Áno | W8: Áno | X8: Áno | Y8: Áno | Z8: Nie | AA8: Nie
A9: Feckanič | B9: Ján | C9: 1 | D9: Nie | E9: Áno | F9: Nie | G9: Áno | H9: Áno | I9: Nie | J9: Nie | K9: Áno | L9: Áno | M9: Áno | N9: Áno | O9: Nie | P9: Nie | Q9: Nie | R9: Nie | S9: Nie | T9: Áno | U9: Áno | V9: Áno | W9: Nie | X9: Áno | Y9: Áno | Z9: Nie | AA9: Nie
A10: Gal | B10: Ondrej | C10: 1 | D10: Nie | E10: Áno | F10: Nie | G10: Áno | H10: Áno | I10: Áno | J10: Nie | K10: Áno | L10: Áno | M10: Áno | N10: Áno | O10: Nie | P10: Nie | Q10: Nie | R10: Nie | S10: Nie | T10: Áno | U10: Áno | V10: Áno | W10: Nie | X10: Áno | Y10: Áno | Z10: Nie | AA10: Nie
A11: Lamy | B11: Mario | C11: 1 | D11: Nie | E11: Áno | F11: Nie | G11: Áno | H11: Áno | I11: Áno | J11: Nie | K11: Áno | L11: Áno | M11: Áno | N11: Áno | O11: Nie | P11: Nie | Q11: Nie | R11: Nie | S11: Nie | T11: Áno | U11: Áno | V11: Áno | W11: Áno | X11: Áno | Y11: Áno | Z11: Nie | AA11: Nie
A12: Dolinský | B12: Andrej | C12: 1 | D12: Nie | E12: Áno | F12: Nie | G12: Áno | H12: Áno | I12: Nie | J12: Nie | K12: Áno | L12: Áno | M12: Áno | N12: Áno | O12: Nie | P12: Nie | Q12: Nie | R12: Nie | S12: Nie | T12: Áno | U12: Áno | V12: Áno | W12: Áno | X12: Áno | Y12: Áno | Z12: Nie | AA12: Nie
A13: Riška | B13: Peter | C13: 1 | D13: Nie | E13: Áno | F13: Nie | G13: Áno | H13: Áno | I13: Nie | J13: Nie | K13: Áno | L13: Áno | M13: Áno | N13: Áno | O13: Nie | P13: Nie | Q13: Nie | R13: Nie | S13: Nie | T13: Áno | U13: Áno | V13: Áno | W13: Nie | X13: Áno | Y13: Áno | Z13: Nie | AA13: Nie
... A60: Ferčáková | B60: Monika | C60: 1 | D60: Nie | E60: Nie | F60: Nie | G60: Nie | H60: Nie | I60: Áno | J60: Áno | K60: Nie | L60: Nie | M60: Nie | N60: Nie | O60: Nie | P60: Nie | Q60: Nie | R60: Nie | S60: Nie | T60: Áno | U60: Áno | V60: Áno | W60: Nie | X60: Nie | Y60: Nie | Z60: Nie | AA60: Nie

Sheet Volno
A1: =Data!A1 -> Priezvisko | B1: =Data!B1 -> Meno | C1: Dovolenka | D1: KZ | E1: Volno
A2: =Data!A2 -> Peller | B2: =Data!B2 -> František
A3: =Data!A3 -> Krajčír | B3: =Data!B3 -> Alojz
A4: =Data!A4 -> Krajčovič | B4: =Data!B4 -> Martin
A5: =Data!A5 -> Guniš | B5: =Data!B5 -> Martin
A6: =Data!A6 -> Truchlý | B6: =Data!B6 -> Miroslav
A7: =Data!A7 -> Toszer | B7: =Data!B7 -> Arpád
A8: =Data!A8 -> Zacharčok | B8: =Data!B8 -> Ľubomír
A9: =Data!A9 -> Feckanič | B9: =Data!B9 -> Ján
A10: =Data!A10 -> Gal | B10: =Data!B10 -> Ondrej
A11: =Data!A11 -> Lamy | B11: =Data!B11 -> Mario
A12: =Data!A12 -> Dolinský | B12: =Data!B12 -> Andrej
A13: =Data!A13 -> Riška | B13: =Data!B13 -> Peter
... A23: =Data!A23 -> Bila | B23: =Data!B23 -> Roland
A24: =Data!A25 -> Mikloško | B24: =Data!B25 -> Miloš
A25: =Data!A26 -> Cabadaj | B25: =Data!B26 -> Jozef
A26: =Data!A27 -> Tomka | B26: =Data!B27 -> Jozef
A27: =Data!A28 -> Zezula | B27: =Data!B28 -> Viliam
A28: =Data!A29 -> Palič | B28: =Data!B29 -> Karol
A29: =Data!A30 -> Kováč | B29: =Data!B30 -> Tibor
A30: =Data!A31 -> Petriska | B30: =Data!B31 -> Branislav
A31: =Data!A32 -> Duba | B31: =Data!B32 -> Peter
A32: =Data!A33 -> Žolnay | B32: =Data!B33 -> Martin
A33: =Data!A34 -> Vydra | B33: =Data!B34 -> Richard
A34: =Data!A36 -> Urmín | B34: =Data!B36 -> Roman
A35: =Data!A37 -> Veselý | B35: =Data!B37 -> Jaroslav
A36: =Data!A38 -> Tóth | B36: =Data!B38 -> Mikuláš
A37: =Data!A39 -> Valachovič | B37: =Data!B39 -> Martin
A38: =Data!A40 -> Kotrla | B38: =Data!B40 -> Anton
A39: =Data!A41 -> Sojka | B39: =Data!B41 -> Štefan
A40: =Data!A42 -> Kalafút | B40: =Data!B42 -> Daniel
A41: =Data!A43 -> Srnec | B41: =Data!B43 -> Radovan
A42: =Data!A44 -> Puhovich | B42: =Data!B44 -> Iveta
A43: =Data!A45 -> Hrubý | B43: =Data!B45 -> Erik
A44: =Data!A46 -> Molnár | B44: =Data!B46 -> Miroslav
A45: =Data!A47 -> Haluska | B45: =Data!B47 -> Martin
... A58: =Data!A60 -> Ferčáková | B58: =Data!B60 -> Monika
